<?xml version="1.0" encoding="UTF-8"?>
<project-private xmlns="http://www.netbeans.org/ns/project-private/1">
    <editor-bookmarks xmlns="http://www.netbeans.org/ns/editor-bookmarks/2" lastBookmarkId="0"/>
    <open-files xmlns="http://www.netbeans.org/ns/projectui-open-files/2">
        <group>
            <file>file:/C:/Users/DELL/Downloads/Group_7/Cyber%20Security/src/user_b.java</file>
            <file>file:/C:/Users/DELL/Downloads/Group_7/Cyber%20Security/src/ChatWindow.java</file>
            <file>file:/C:/Users/DELL/Downloads/Group_7/Cyber%20Security/src/user_a.java</file>
        </group>
    </open-files>
</project-private>
